Status,Vulnerable,Category,Reported,Acknowledged,Fixed,Framework,Notes,Title,Userbase,Paid Subscribers,Userbase URL,URL (landing page),URL (eligible page),Attack
eligible,TRUE,language learning,TRUE,FALSE,FALSE,React,Can skip to future lessons (premium feature),Duolingo,500M,10.3M,https://investors.duolingo.com/static-files/01420520-3377-4985-887b-55ed3c1e4fc5,https://www.duolingo.com/,https://www.duolingo.com/learn,HTTP tampering
server-side,FALSE,language learning,,,,,"RBAC policies, freemium content (e.g., download). No JS framework",Loecsen,,,,https://www.loecsen.com/,https://www.loecsen.com/,
no ACP,FALSE,language learning,,,,,no RBAC,BBC Languages – Free online lessons to learn and study ...,,,,https://www.bbc.co.uk/languages/index.shtml,,
no freemium,FALSE,language learning,,,,,no premium content shown to regular user,50LANGUAGES | Learn any language free online,,,,https://www.50languages.com/,,
no freemium,FALSE,language learning,,,,,"no RBAC, hard paywall to schedule lessons",Lingoda: Online language courses with native-level teachers,,,,https://www.lingoda.com/en/,,
no ACP,FALSE,language learning,,,,,no RBAC,Learn a New Language - EU Academy - European Union,,,,https://academy.europa.eu/courses/learn-a-new-language,,
no freemium,FALSE,language learning,,,,,"no RBAC, hard paywall to schedule lessons",Preply: Learn with the best online language tutors,,,,https://preply.com/,,
eligible,FALSE,language learning,,,,React,,Babbel,-,25M,https://www.babbel.com/,https://www.babbel.com/,https://my.babbel.com/dashboard/inprogress,
no freemium,FALSE,language learning,,,,,"no RBAC, hard paywall to schedule lessons",italki - Best language learning app with certificated tutors,,,,https://www.italki.com/,,
no ACP,FALSE,language learning,,,,,no RBAC,Learn a Language | Free Online Language Learning,,,,https://www.learnalanguage.com/,,
server-side,FALSE,language learning,,,,,"RBAC policies, freemium content. No JS framework",Lingua,,,,https://lingua.com/,https://lingua.com/it/tedesco/lettura/?view=new#exercises,
eligible,FALSE,language learning,,,,React,,Memrise,50M,-,https://www.memrise.com/it/info,https://www.memrise.com/,https://app.memrise.com/learn,
no freemium,FALSE,language learning,,,,,no premium content shown to regular user,Language Learning Online Courses,,,,https://www.coursera.org/browse/language-learning,,
server-side,FALSE,language learning,,,,,"RBAC policies, freemium content. No JS framework",Mondly,,,,https://www.mondly.com/,https://app.mondly.com/home/7,
no freemium,FALSE,language learning,,,,,"no RBAC, hard paywall to schedule lessons",Verbling - The Modern Way to Learn a Language.,,,,https://www.verbling.com/,,
no freemium,FALSE,language learning,,,,,hard paywall requiring you to start a trial or pay a subscription to access content. No freemium content during trial period. As the trial finishes you don't have access to anything,Lingvist: Learn a New Language Smarter and Faster Online,,,,https://lingvist.com/,,
unrelated,FALSE,language learning,,,,,blog,The Best Language Learning Apps for 2025,,,,https://www.pcmag.com/picks/the-best-language-learning-software,,
eligible,TRUE,language learning,TRUE,FALSE,FALSE,React,Can access flashcards of premium lessons,Pimsleur,1M,-,https://languagelearning.top/resources/pimsleur,https://www.pimsleur.com,https://learn.pimsleur.com/Learn,React Dev Tool
eligible,FALSE,language learning,,,,React,,Rocket Languages,2M,-,https://www.rocketlanguages.com/?srsltid=AfmBOoprEFUFI5E_2tuxqCljDQJjTYramTNwvlQbPSOho7ir8CB34hFK,https://www.rocketlanguages.com,https://app.rocketlanguages.com/members/products/186/dashboard,
no freemium,FALSE,language learning,,,,,hard paywall requiring you to start a trial or pay a subscription to access any content,Official Rosetta Stone® | How language is learned,,,,https://eu.rosettastone.com/,,
no ACP,FALSE,language learning,,,,,no RBAC. Showcase website,British Council: Learn English Online,,,,https://learnenglish.britishcouncil.org/,,
no ACP,FALSE,language learning,,,,,"no RBAC, no premium content",Language Exchange App - Practice and Learn Foreign ...,,,,https://www.mylanguageexchange.com/,,
unrelated,FALSE,language learning,,,,,blog,The Best Language Learning Apps,,,,https://www.nytimes.com/wirecutter/reviews/best-language-learning-apps/,,
no freemium,FALSE,language learning,,,,,no freemium content,Free Online Language Courses | Learn a ...,,,,https://alison.com/courses/language,,
eligible,FALSE,language learning,,,,React,,Mango,2M,-,https://mangolanguages.com/affiliates/,https://mangolanguages.com/,https://learn.mangolanguages.com/pathway/from/en-US/to/fr/798/1/1,
no ACP,FALSE,language learning,,,,,no RBAC,Online Language Learning,,,,https://languages.un.org/en/online-language-learning/online-language-learning,,
unrelated,FALSE,language learning,,,,,"university website. No premium content, no RBAC",Check out the UNIC Online Language Modules. ...,,,,https://www.unic.eu/fr/online-language-modules,,
no ACP,FALSE,language learning,,,,,no RBAC,Course: Learn Language Basics with Online Language Support,,,,https://academy.europa.eu/courses/learn-language-basics-with-online-language-support/view/,,
unrelated,FALSE,language learning,,,,,blog,8 Best Language Learning Apps (2024),,,,https://www.wired.com/gallery/best-language-learning-apps/,,
unrelated,FALSE,language learning,,,,,"showcase site, no RBAC",Advantages of learning languages online,,,,https://www.global4idiomas.com/en/learn-languages-online/,,
not accessible,FALSE,language learning,,,,,"not accessible, 404 error",Online vs. in-person language learning: Which works better?,,,,https://www.noslangues-ourlanguages.gc.ca/en/blogue-blog/en-ligne-ou-en-personne-online-vs-in-person-eng,,
no ACP,FALSE,language learning,,,,,"no premium content, no RBAC",languages online,,,,https://www.languagesonline.org.uk/,,
eligible,TRUE,language learning,TRUE,FALSE,FALSE,React,Can unlock premium fonts,Lingq,1M,-,https://forum.lingq.com/t/number-of-lingq-users/26383,https://www.lingq.com/,https://www.lingq.com/it/learn/en/web/reader/6097945,React Dev Tool
no ACP,FALSE,language learning,,,,,no premium content,Learn 48 Languages Online for Free,,,,https://www.openculture.com/freelanguagelessons,,
no freemium,FALSE,language learning,,,,,hard paywall,FluentU: Learn a language online with authentic videos,,,,https://www.fluentu.com/,,
unrelated,FALSE,language learning,,,,,"showcase site, no RBAC",LanguageBird | One-to One Online World Language Programs,,,,https://www.languagebird.com/,,
eligible,FALSE,language learning,,,,React,,Futurelearn,17M,-,https://en.wikipedia.org/wiki/FutureLearn,https://www.futurelearn.com/,https://www.futurelearn.com/courses/academic-writing-for-learners-of-english/1/steps/1015317,
eligible,FALSE,language learning,,,,React,,Innovativelanguage,-,-,-,https://www.innovativelanguage.com/,https://www.chineseclass101.com/lesson-library/can-do-chinese-for-absolute-beginners-1-1,
eligible,FALSE,language learning,,,,React,,Edx,86M,-,https://www.edx.org/about-us,https://www.edx.org/learn/language,https://learning.edx.org/course/course-v1:HarvardX+CS50P+Python/block-v1:HarvardX+CS50P+Python+type@sequential+block@5c4566382df54814ba604df6369ca2fc/block-v1:HarvardX+CS50P+Python+type@vertical+block@a1450ed5620843fe9fd548156a385d26,
unrelated,FALSE,language learning,,,,,blog,Bonjour! Try These Best Language Learning Apps for 2025 ...,,,,https://www.cnet.com/tech/services-and-software/best-language-learning-apps/,,
not accessible,FALSE,language learning,,,,,redirect to mobile app,HelloTalk - Language Exchange - Learn Languages for Free,,,,https://www.hellotalk.com/,,
unrelated,FALSE,language learning,,,,,blog,How to learn a language online,,,,https://www.theverge.com/22933094/language-learn-online-apps-duolingo-pimsleur-rosetta-stone-hellotalk,,
no ACP,FALSE,language learning,,,,,"no premium content, no RBAC",Language Learning – All Resources from Beginner to Advanced,,,,https://languagelearning.site/,,
no freemium,FALSE,language learning,,,,,"no freemium content, hard paywall to schedule lessons",LanguaTalk: learn languages with 5-star tutors & AI (Langua ...,,,,https://languatalk.com/,,
eligible,FALSE,language learning,,,,Vue,Dev Tools are disabled but revertable (Vue 2). You cannot access locked content because it is not on the front-end,LingoDeer,250K,-,https://www.lingodeer.com/,https://www.lingodeer.com/,https://www.lingodeer.com/learn-languages/vt/en/learn-vietnamese-online,
no freemium,FALSE,language learning,,,,,"no freemium content, hard paywall to schedule lessons",Online Language Classes and Courses,,,,https://www.berlitz.com/adults/learn-online,,
eligible,FALSE,language learning,,,,Preact,freemium features with timing (n. of context-aware explaination).,Readlang,1M,-,https://readlang.com/,https://readlang.com/,,
no freemium,FALSE,language learning,,,,,"no freemium content, hard paywall to schedule lessons",Verbalplanet,,,,https://www.verbalplanet.com/,,
server-side,FALSE,language learning,,,,,No JS framework,Lingualia,,,,https://www.lingualia.com/,https://www.lingualia.com/wall/?li=1&a=gp,
unrelated,FALSE,language learning,,,,,blog,The 40 Best Online Language Courses - Ultimate Guide,,,,https://strommeninc.com/the-40-best-online-language-courses/,,
eligible,TRUE,language learning,TRUE,TRUE,FALSE,React,Can skip to future lessons (premium feature),Busuu,120M,-,https://www.busuu.com/en/about?_gl=1*zwr8la*_gcl_au*NjMzOTU2Njg3LjE3NTYyMTE2NTQuMTY3OTE0ODg3NC4xNzU4MDE0OTE5LjE3NTgwMTU1Njg.,https://www.busuu.com/en-us,https://www.busuu.com/dashboard/timeline/b1,React Dev Tool
unrelated,FALSE,language learning,,,,,"corporate training, hard login with activation code request",Lingua Attack! | Stream Languages,,,,https://lingua-attack.com/,,
no freemium,FALSE,language learning,,,,,"no freemium content, hard paywall to schedule lessons","Learn a language online: practice speaking, grammar & more",,,,https://preply.com/en/learn,,
no freemium,FALSE,language learning,,,,,"14-days trial, no freemium content, hard paywall",Transparent Language Online | Learn 100+ Languages,,,,https://www.transparent.com/personal/transparent-language-online,,
eligible,FALSE,language learning,,,,React,,Languagedrops,25M,-,https://languagedrops.com/press,https://languagedrops.com/,https://app.languagedrops.com/?referrer=singular_click_id%3Dc1c7859c-5c9b-4357-b8a6-3f5325680a03,
server-side,FALSE,language learning,,,,,"RBAC policies, freemium content. No JS framework",Lingo-play,,,,https://www.lingo-play.com/en/,https://www.lingo-play.com/en/vietnamese-lessons-online/flashcards/mix-1/,
eligible,TRUE,language learning,TRUE,FALSE,FALSE,React,Can access premium lessons,Promova,10M,-,https://promova.com/press/how-promova-a-ukrainian-founded-language-learning-platform-promotes-the-korean-language,https://promova.com/course/online-language-course,https://promova.com/my-plan/appw0lHneaCJCz9t0,React Dev Tool
no freemium,FALSE,language learning,,,,,"hard paywall, no freemium content",The Best Language Learning Website and App for Kids,,,,https://www.dinolingo.com/?srsltid=AfmBOooJYZKz72o5hc3hX821Oub-dULpuGvG5zUoStDtePOgoC-4ylta,,
no freemium,FALSE,language learning,,,,,"hard paywall, no freemium content",Ling - For Easy Language Learning,,,,https://ling-app.com/,,
no freemium,FALSE,language learning,,,,,"no freemium content, hard paywall to schedule lessons",Online Language Classes with Native Speaking Tutors,,,,https://www.languagetrainers.com/online-classes.php,,
no freemium,FALSE,language learning,,,,,"hard paywall, no freemium content",Lingua Learn: Learn Language Online | Language Class ...,,,,https://lingua-learn.com/,,
no freemium,FALSE,language learning,,,,,hard paywall to premium content,Learning languages | LearnEnglish,,,,https://learnenglish.britishcouncil.org/general-english/audio-zone/learning-languages,,
eligible,FALSE,language learning,,,,Ember,,Linkedin,1B,-,https://about.linkedin.com/,https://www.linkedin.com/learning/topics/language-learning,https://www.linkedin.com/learning/essential-mandarin-in-two-hours-with-paul-noble/you-want?resume=false,
no freemium,FALSE,language learning,,,,,"14-days trial, no freemium content, hard paywall",LearnWithOliver - Learn Languages Online with Antosch & Lin,,,,https://www.learnwitholiver.com/,,
no freemium,FALSE,language learning,,,,,"blog, no freemium content",French Language Learning - Research guides - LibGuides,,,,https://camosun.libguides.com/c.php?g=735458&p=5294235,,
no ACP,FALSE,language learning,,,,,no RBAC,List of language self-study programs,,,,https://en.wikipedia.org/wiki/List_of_language_self-study_programs,,
unrelated,FALSE,language learning,,,,,"showcase site, no RBAC",Learning Language Online,,,,https://www.inlingua.com/learning-language-online/,,
no freemium,FALSE,language learning,,,,,"no freemium content, no RBAC. Activation code is needed to access resources",Language Learning - Pearson,,,,https://www.pearson.com/languages,,
unrelated,FALSE,language learning,,,,,university webpage. No RBAC or freemium content,Practise online│Whakaakoako tuihono,,,,https://www.wgtn.ac.nz/slc/language-learning-resources/practise-online,,
eligible,FALSE,language learning,,,,React,,Udemy,75M,-,https://about.udemy.com/it/,https://www.udemy.com/topic/learning-a-foreign-language/,https://www.udemy.com/course/complete-polish-course-learn-polish-for-beginners/,
no freemium,FALSE,language learning,,,,,"hard paywall, no freemium content. Subscription required",Free Online Language Courses,,,,https://www.livelingua.com/project,,
unrelated,FALSE,language learning,,,,,"showcase site, no RBAC",Heylama Language Learning Blog,,,,https://www.heylama.com/blog,,
no freemium,FALSE,language learning,,,,,free trial then hard paywall. No RBAC policies,Gliglish · Learn languages by speaking with AI,,,,https://gliglish.com/,,
no ACP,FALSE,language learning,,,,,free textual content with ads. No RBAC policies,Digital Dialects: Language learning games & activities,,,,https://www.digitaldialects.com/,,
unrelated,FALSE,language learning,,,,,"showcase site, no RBAC. Redirect to the mobile app",FunEasyLearn - Learn Languages Fast & for Free,,,,https://www.funeasylearn.com/,,
no freemium,FALSE,language learning,,,,,"web platform for booking online or in-person lessons. No RBAC, no freemium content",Online Language Courses & Classes - London,,,,https://www.citylit.ac.uk/courses/languages,,
unrelated,FALSE,language learning,,,,,showcase website for booking lessons,The Language SKOOL: Learn Foreign Languages,,,,https://www.thelanguageskool.com/,,
no freemium,FALSE,language learning,,,,,Elearning platform with hard paywall. No freemium content,"Language Learning with Netflix, TV Shows, Movies and Music",,,,https://lingopie.com/,,
no freemium,FALSE,language learning,,,,,Elearning platform with hard paywall. No freemium content,"Learn a language online | Spanish, French, Italian and 8 other ...",,,,https://www.cricketelearning.com/,,
unrelated,FALSE,language learning,,,,,"blog, no RBAC",5 Advantages of Learning a New Language Online,,,,https://www.workplacelanguages.com/learning-a-new-language-online/,,
no freemium,FALSE,language learning,,,,,free and premium courses. Premium courses require hard paywall. No freemium,Language Learning Courses and Certifications,,,,https://www.classcentral.com/subject/language-learning,,
unrelated,FALSE,language learning,,,,,blog,Pools of Open Online Learning Systems: The projects in the ...,,,,https://www.languages.dk/,,
unrelated,FALSE,language learning,,,,,"university website, no freemium content",Language Courses,,,,https://sea-eu.org/language-offers/,,
not accessible,FALSE,language learning,,,,,access denied,SpeakPal: AI Language Learning,,,,https://www.speakpal.ai/,,
no freemium,FALSE,language learning,,,,,"social media platform, no freemium content. Subscription required to unlock premium features",Tandem Language Exchange App | Find Conversation ...,,,,https://tandem.net/,,
no freemium,FALSE,language learning,,,,,"hard paywall, no freemium content. Subscription required",Online Language Courses | Flexible Schedules,,,,https://www.listenandlearn.org/online-courses,,
unrelated,FALSE,language learning,,,,,"online university website, no freemium content",Language courses,,,,https://www.open.edu.au/study-online/humanities-social-science/languages,,
no freemium,FALSE,language learning,,,,,"hard paywall, no freemium content. Subscription required",Beelinguapp | Learn languages with music & audiobooks,,,,https://beelinguapp.com/,,
unrelated,FALSE,language learning,,,,,blog,5 Best Language Learning Sites Online 2024,,,,https://www.billboard.com/culture/product-recommendations/best-online-language-learning-sites-1235646403/,,
no freemium,FALSE,language learning,,,,,"no freemium content, hard paywall to access lessons",Speak - The language learning app that gets you speaking,,,,https://www.speak.com/,,
duplicate,FALSE,language learning,,,,,duplicate,The world's best way to learn French,,,,https://www.duolingo.com/course/fr/en/Learn-French,,
no freemium,FALSE,language learning,,,,,no premium content shown to regular user,Cours de langues en ligne | Apprendre une langue avec ...,,,,https://www.gymglish.com/en,,
unrelated,FALSE,language learning,,,,,blog,13 Best Language Learning Apps for 2025 [Free and Paid],,,,https://www.studyfrenchspanish.com/best-language-learning-apps/?srsltid=AfmBOooXUSDaX1cApN-zKrT7X08RoEPjt6B98eehDPyjDeeN87ZDimkJ,,
eligible,FALSE,language learning,,,,React,,Clozemaster,-,-,-,https://www.clozemaster.com/,https://www.clozemaster.com/l/ita-eng/cloze-reading,
no freemium,FALSE,language learning,,,,,hard paywall to schedule lessons,Language Trainers,,,,https://www.languagetrainers.co.uk/online-classes.php,,
no freemium,FALSE,language learning,,,,,"hard paywall, no freemium content",Online language classes for kids | Start learning with Diluu,,,,https://diluu.com/,,
no freemium,FALSE,language learning,,,,,no premium content shown to regular user,Best Language Courses & Certificates [2025],,,,https://www.coursera.org/courses?query=language,,
unrelated,FALSE,language learning,,,,,book,Language Learning Research Club Journal,,,,https://onlinelibrary.wiley.com/journal/14679922,,
unrelated,FALSE,language learning,,,,,showcase website for company services,Language Academy: online language training,,,,https://www.gofluent.com/us-en/products/language-training-academy/,,
server-side,FALSE,news,,,,,"RBAC policies, freemium content. No JS framework, server-side",Le Monde,,,,https://www.lemonde.fr/,https://www.lemonde.fr/,
no freemium,FALSE,news,,,,,no premium articles,"CNN: Breaking News, Latest News and Videos",,,,https://edition.cnn.com/,,
no freemium,FALSE,news,,,,,no premium articles,"BBC Home - Breaking News, World News, US News, Sports ...",,,,https://www.bbc.com/,,
eligible,FALSE,news,,,,React,,Le Figaro,22M,-,https://rtl-adalliance.com/brands/le-figaro,https://www.lefigaro.fr/,https://www.lefigaro.fr/,
no freemium,FALSE,news,,,,,no premium articles,20 Minutes - Toute l'actualité en direct et les dernières infos en ...,,,,https://www.20minutes.fr/,,
eligible,FALSE,news,,,,React,,Libération,2M,-,https://www.alliancedigitale.org/liberation-confirme-sa-dynamique-de-croissance-en-2024/,https://www.liberation.fr/,https://www.liberation.fr/culture/mort-deddie-palmieri-le-legendaire-pianiste-ne-menera-plus-la-danse-20250807_UZTFAJBOZVBCNMIHUAQGY2CPBU/,
no freemium,FALSE,news,,,,,no premium articles,Euronews: Toute l'information internationale en direct,,,,https://fr.euronews.com/,,
no freemium,FALSE,news,,,,,no premium articles,Google News,,,,https://news.google.com/,,
no freemium,FALSE,news,,,,,no premium articles,"France 24 - Infos, news & actualités - L'information ...",,,,https://www.france24.com/fr/,,
eligible,FALSE,news,,,,React,,Le Parisien,15M,-,https://www.lvmh.com/en/our-maisons/other-activities/le-parisien,https://www.leparisien.fr/,https://www.leparisien.fr/,
no freemium,FALSE,news,,,,,no premium articles,"Latest news, sport and opinion from the Guardian",,,,https://www.theguardian.com/,,
no freemium,FALSE,news,,,,,no premium articles,"Breaking News, World News and Video from Al Jazeera",,,,https://www.aljazeera.com/,,
no freemium,FALSE,news,,,,,no premium articles,Reuters | Breaking International News & Views,,,,https://www.reuters.com/,,
no freemium,FALSE,news,,,,,no premium articles,BFMTV: Actualités en continu et info en direct et replay,,,,https://www.bfmtv.com/,,
no freemium,FALSE,news,,,,,no premium articles,"CBS News | Breaking news, top stories & today's latest ...",,,,https://www.cbsnews.com/,,
no freemium,FALSE,news,,,,,no premium articles,"Yahoo News: Latest and Breaking News, Headlines, Live ...",,,,https://news.yahoo.com/,,
eligible,TRUE,news,TRUE,FALSE,FALSE,React,Can access articles content without subscription,The New York Times,12M,-,"https://www.nytimes.com/2025/08/06/business/media/new-york-times-earnings.html#:~:text=The%20Times%20now%20has%2011.88,by%20the%20end%20of%202027.",https://www.nytimes.com/,https://www.nytimes.com/2025/08/07/world/europe/trump-putin-ukraine.html,React Dev Tool
no freemium,FALSE,news,,,,,no premium articles,"Associated Press News: Breaking News, Latest Headlines ...",,,,https://apnews.com/,,
no freemium,FALSE,news,,,,,no premium articles,"ABC News - Breaking News, Latest News and Videos",,,,https://abcnews.go.com/,,
no freemium,FALSE,news,,,,,no premium articles,"RFI - Actualités, info, news en direct - Radio France ...",,,,https://www.rfi.fr/,,
no freemium,FALSE,news,,,,,no premium articles,"NBC News - Breaking News & Top Stories - Latest World, US ...",,,,https://www.nbcnews.com/,,
no freemium,FALSE,news,,,,,no premium articles,Home - BBC News,,,,https://www.bbc.co.uk/news,,
no freemium,FALSE,news,,,,,no premium articles,news.com.au — Australia's leading news site for latest headlines,,,,https://www.news.com.au/,,
eligible,FALSE,news,,,,React,,The Telegraph,26M,-,"https://aplmedia.co.uk/media_packs/telegraph/#:~:text=Telegraph.co.uk%20receives%2026,finance%2C%20lifestyle%20and%20cultural%20insights.",https://www.telegraph.co.uk/,https://www.telegraph.co.uk/news/2025/08/07/police-charge-palestine-action-protesters-ahead-mass-rally/,
no freemium,FALSE,news,,,,,no premium articles,Sky News: The Latest News from the UK and Around the World,,,,https://news.sky.com/,,
eligible,TRUE,news,TRUE,FALSE,FALSE,React,Can access restricted articles,L'Équipe,2.5M,-,https://theaudiencers.com/lequipe-limiting-churn-when-increasing-the-price-from-a-highly-discounted-subscription-offer/,https://www.lequipe.fr/,https://www.lequipe.fr/,React Dev Tool
eligible,TRUE,news,TRUE,FALSE,FALSE,React,Can access restricted articles,L'Express,1M,-,https://www.acpm.fr/Support/l-express,https://www.lexpress.fr/,https://www.lequipe.fr/,React Dev Tool
no freemium,FALSE,news,,,,,no premium articles,Le Direct,,,,https://www.cnews.fr/le-direct,,
no freemium,FALSE,news,,,,,no premium articles,DW: News and current affairs from Germany and around the ...,,,,http://www.dw.com/,,
no freemium,FALSE,news,,,,,no premium articles,Fox News - Breaking News Updates | Latest News Headlines ...,,,,https://www.foxnews.com/,,
no freemium,FALSE,news,,,,,Server-side web app,Mediapart,,,,https://www.mediapart.fr/,,
no freemium,FALSE,news,,,,,no premium articles,News | The Independent | Today's headlines and latest ...,,,,https://www.independent.co.uk/,,
no freemium,FALSE,news,,,,,no premium articles,Le Matin: toute l'actualité en Suisse et dans le monde,,,,https://www.lematin.ch/,,
eligible,FALSE,news,,,,React,,The Wall Street Journal,-,4.3M,https://www.statista.com/statistics/193788/average-paid-circulation-of-the-wall-street-journal/?srsltid=AfmBOoqCzL77ppSb5PwmR3LQWms502pNMDRyaDu_GeWnQYsftCzYZHKT,https://www.wsj.com/,,
no freemium,FALSE,news,,,,,no premium articles,20 minutes: les infos sur l'actualité suisse et internationale,,,,https://www.20min.ch/fr,,
no freemium,FALSE,news,,,,,no premium articles,"Latest news, sport and opinion from the Guardian",,,,https://www.theguardian.com/uk,,
eligible,NOT SURE,news,FALSE,,,React,Can access restricted articles,The Washington Post,65M,-,https://www.washingtonpost.com/public-relations/audience-traffic/,https://www.washingtonpost.com/,https://www.washingtonpost.com/world/2025/08/08/us-japan-trade-deal-dispute/,React Dev Tool
no freemium,FALSE,news,,,,,no premium articles,"NPR - Breaking News, Analysis, Music, Arts & Podcasts : NPR",,,,https://www.npr.org/,,
no freemium,FALSE,news,,,,,no premium articles,USA TODAY - Breaking News and Latest News Today,,,,https://www.usatoday.com/,,
no freemium,FALSE,news,,,,,no premium articles,"CBC News - Latest Canada, World, Entertainment and ...",,,,https://www.cbc.ca/news,,
eligible,FALSE,news,,,,React,,Bloomberg,-,-,-,https://www.bloomberg.com/,,
no freemium,FALSE,news,,,,,no premium articles,Online Khabar – No 1 News Portal from Nepal in Nepali. – No ...,,,,https://www.onlinekhabar.com/,,
no freemium,FALSE,news,,,,,no premium articles,Regarder France 24 en direct,,,,https://www.france24.com/fr/direct,,
unrelated,FALSE,news,,,,,"showcase website, no RBAC",Online News Association,,,,https://journalists.org/,,
no freemium,FALSE,news,,,,,no freemium policies. Hard paywall,Financial Times,,,,https://www.ft.com/,,
eligible,FALSE,news,,,,React,,The Sydney Morning Herald,-,6.9M,https://www.smh.com.au/business/companies/the-sydney-morning-herald-remains-the-nation-s-most-read-masthead-20250221-p5le75.html,https://www.smh.com.au/,,
no freemium,FALSE,news,,,,,no freemium policies. Hard paywall,The Economist | Go beyond breaking news,,,,https://www.economist.com/,,
no freemium,FALSE,news,,,,,no freemium policies. Hard paywall,"Times of India: News - Breaking News, Latest News, India ...",,,,https://timesofindia.indiatimes.com/,,
server-side,FALSE,news,,,,,no JS framework,Manorama Online: Malayalam Breaking News | Kerala Local ...,,,,https://www.manoramaonline.com/,,
no freemium,FALSE,news,,,,,no freemium content,Online News: Journalism And The Internet - Google Livres,,,,https://books.google.td/books?id=Jiel57FrjaMC&printsec=frontcover&hl=fr,,
no freemium,FALSE,news,,,,,no premium articles,Franceinfo - Actualités en temps réel et info en direct,,,,https://www.franceinfo.fr/,,
no freemium,FALSE,news,,,,,no premium articles,"The Sun: News, sport, celebrities and gossip",,,,https://www.thesun.co.uk/,,
no freemium,FALSE,news,,,,,no premium articles,MSNBC News - Breaking News and News Today | Latest News,,,,https://www.msnbc.com/,,
no freemium,FALSE,news,,,,,no premium articles,TIME Homepage,,,,https://time.com/,,
no freemium,FALSE,news,,,,,no premium articles,"The Mirror: News, Sport, Celebrity & Entertainment",,,,https://www.mirror.co.uk/,,
no freemium,FALSE,news,,,,,no premium articles,"Newsweek - News, Analysis, Politics, Business, Technology",,,,https://www.newsweek.com/,,
server-side,FALSE,news,,,,,Server-side web app,Le Nouvel Obs,,,,https://www.nouvelobs.com/,,
no freemium,FALSE,news,,,,,no freemium policies. Hard paywall,Vox,,,,https://www.vox.com/,,
no freemium,FALSE,news,,,,,no premium articles,UK Home | Daily Mail Online,,,,https://www.dailymail.co.uk/home/index.html,,
no freemium,FALSE,news,,,,,no premium articles,"HuffPost - Breaking News, Politics, Entertainment & Opinion",,,,https://www.huffpost.com/,,
no freemium,FALSE,news,,,,,no premium articles,"CTV News – Breaking News and Video, Canada News Today",,,,https://www.ctvnews.ca/,,
no freemium,FALSE,news,,,,,no premium articles,VOA - Voice of America English News,,,,https://www.voanews.com/,,
no freemium,FALSE,news,,,,,no premium articles,"UPI.com: Top News, Latest headlines, Latest News, World ...",,,,https://www.upi.com/,,
no freemium,FALSE,news,,,,,no premium articles,"Actus people - News people du jour - Actus des stars, photos ...",,,,https://www.purepeople.com/,,
no freemium,FALSE,news,,,,,no premium articles,"Latest UK and World News, Sport and Comment | Express.co.uk",,,,https://www.express.co.uk/,,
no freemium,FALSE,news,,,,,no premium articles,"The Globe and Mail: Canadian, World, Politics and Business ...",,,,https://www.theglobeandmail.com/,,
no freemium,FALSE,news,,,,,no premium articles,"WalesOnline: News, sport, weather and events from across ...",,,,https://www.walesonline.co.uk/,,
server-side,FALSE,news,,,,,Server-side web app,Le Point,,,,https://www.lepoint.fr/,,
eligible,TRUE,news,TRUE,FALSE,FALSE,React,Can access restricted articles,Les Echos,24M,-,https://medias.lesechosleparisien.fr/wp-content/uploads/2019/04/LES-ECHOS-ENG-KIT-MEDIA.pdf,https://www.lesechos.fr/,https://www.lesechos.fr/,React Dev Tool
no freemium,FALSE,news,,,,,no premium articles,"Yahoo France | Actualités, mail et recherche",,,,https://fr.yahoo.com/,,
no freemium,FALSE,news,,,,,no premium articles,E! News: Celebrity Entertainment News and Photos - E! Online,,,,https://www.eonline.com/,,
no freemium,FALSE,news,,,,,no premium articles,"Global News | Breaking, Latest News and Video for Canada",,,,https://globalnews.ca/,,
duplicate,FALSE,news,,,,,duplicate,Le Monde,,,,https://www.lemonde.fr/international/,,
eligible,FALSE,news,,,,React,,The Age,4.5M,-,https://en.wikipedia.org/wiki/The_Age,https://www.theage.com.au/,,
no freemium,FALSE,news,,,,,no freemium,GB News: Home,,,,https://www.gbnews.com/,,
no freemium,FALSE,news,,,,,no freemium,"Metro.co.uk: News, Sport, Showbiz, Celebrities from Metro",,,,https://metro.co.uk/,,
server-side,FALSE,news,,,,,Server-side web app,Nice Matin,,,,https://www.nicematin.com/,,
no freemium,FALSE,news,,,,,no freemium,"MSN | Personalized News, Top Headlines, Live Updates and ...",,,,https://www.msn.com/,,
no freemium,FALSE,news,,,,,no freemium,"Axios - Breaking news, U.S. news and politics, and local news",,,,https://www.axios.com/,,
no freemium,FALSE,news,,,,React,Hard paywall,The Australian,,,,https://www.theaustralian.com.au/,,
no freemium,FALSE,news,,,,,no freemium. Subscribe to get physical copy and remove ads,"Vogue France | News Mode, Beauté, Culture...Découvrez les ...",,,,https://www.vogue.fr/,,
no freemium,FALSE,news,,,,,no premium articles,"AOL.com: News, Politics, Sports, Mail & Latest Headlines",,,,https://www.aol.com/,,
no freemium,FALSE,news,,,,,no premium articles,"NDTV.com: Get Latest News, India News, Breaking News ...",,,,https://www.ndtv.com/,,
server-side,FALSE,news,,,,,Server side web app,LeJDD,,,,https://www.lejdd.fr/,,
no freemium,FALSE,news,,,,,no premium articles,The News Journal | Delawareonline.com | Delaware news,,,,https://www.delawareonline.com/,,
no freemium,FALSE,news,,,,React,"No freemium article, only ads",News24,,,,https://www.news24.com/,,
no freemium,FALSE,news,,,,,no premium articles,"CNBC: Stock Markets, Business News, Financials, Earnings",,,,https://www.cnbc.com/,,
no freemium,FALSE,news,,,,,no premium articles,"कान्तिपुर - नेपालको राष्ट्रिय दैनिक, Online News and articles ...",,,,https://ekantipur.com/,,
no freemium,FALSE,news,,,,,no freemium content,"The Star | Malaysia News: National, Regional and World News",,,,https://www.thestar.com.my/,,
no freemium,FALSE,news,,,,,no freemium content,Latest Breaking News Stories & Headlines | RTÉ,,,,https://www.rte.ie/news/,,
no freemium,FALSE,news,,,,,no freemium content,"Los Angeles Times: News from California, across the nation ...",,,,https://www.latimes.com/,,
no freemium,FALSE,news,,,,,no premium articles,The Conversation U.S. - News written by experts to help you ...,,,,https://theconversation.com/,,
no freemium,FALSE,news,,,,,no freemium content,Stuff: Latest breaking news | New Zealand,,,,https://www.stuff.co.nz/,,
no freemium,FALSE,news,,,,,no freemium content,List of All Bangladesh Newspapers - বাংলাদেশের সংবাদপত্রসমূহ,,,,https://www.allbanglanewspaper.xyz/,,
no freemium,FALSE,news,,,,,no premium articles,Minimising the risks children and young people face online,,,,https://commission.europa.eu/news-and-media/news/minimising-risks-children-and-young-people-face-online-2025-07-14_en,,
no freemium,FALSE,news,,,,,no premium articles,L'essentiel: actualité du Luxembourg et news internationales,,,,https://www.lessentiel.lu/,,
no freemium,FALSE,news,,,,,no premium articles,"Kent News & Sport, the latest breaking news from Kent ...",,,,https://www.kentonline.co.uk/,,
unrelated,FALSE,news,,,,,unrelated,GUIDANCE FOR SUBMITTING ONLINE APPLICATION-News,,,,https://www.visaforchina.cn/JKT3_EN/tongzhigonggao/404453719166554112.html,,
no freemium,FALSE,news,,,,,no premium articles,"New York Post – Breaking News, Top Headlines, Photos ...",,,,https://nypost.com/,,
server-side,FALSE,news,,,,,Server side web app,The Hindu,,,,https://www.thehindu.com/,https://www.thehindu.com/news/national/kerala/koodalmanikyam-temple-row-controversy-over-appointment-of-ezhava-youth-for-kazhakam-explained/article69904416.ece,
eligible,TRUE,graphic design,TRUE,TRUE,FALSE,React,Can access premium content,Canva,220M,-,https://www.canva.com/about/,https://www.canva.com/,https://www.canva.com/design/DAGvTadvIvw/SxOGWhF7gqXjvTZZ20E-Xw/edit?ui=eyJEIjp7IlEiOnsiQSI6dHJ1ZX19fQ,React Dev Tool
eligible,TRUE,graphic design,TRUE,FALSE,FALSE,PixiJS,Can access premium content,Befunky,25M,-,"https://www.befunky.com/press/#:~:text=To%20date%2C%20BeFunky's%20unique%20features,over%2025%20million%20users%20worldwide.",https://www.befunky.com/features/graphic-designer/,https://www.befunky.com/create/,HTTP response tampering
eligible,FALSE,graphic design,,,,React,,Postermywall,4M,-,https://www.postermywall.com/index.php/info/about,https://www.postermywall.com/index.php/m/online-graphic-design,,
eligible,FALSE,graphic design,,,,React,,Figma,10M,-,"https://www.xrilion.com/blog/stats/figma-users#:~:text=There%20are%20over%2010%20Million,2025%20Figma%20had%202%2C300%2B%20employees.",https://www.figma.com/design/,,
eligible,TRUE,graphic design,TRUE,FALSE,FALSE,React,Can access premium content,Fotor,800M,-,https://developers.fotor.com/,https://www.fotor.com/design/,https://www.fotor.com/photo-editor-app/editor/sticker,React Dev Tool
eligible,TRUE,graphic design,TRUE,FALSE,FALSE,React,Can access premium content,VistaCreate,10M,-,https://en.wikipedia.org/wiki/VistaCreate#cite_note-4,https://create.vista.com/,https://create.vista.com/home/,React Dev Tool
unrelated,FALSE,graphic design,,,,,"blog, no premium content",The 10 best platforms for sharing your graphic design work,,,,https://altaydagistan.com/en/the-10-best-platforms-for-sharing-your-creations-as-a-graphic-designer/,,
eligible,TRUE,graphic design,TRUE,FALSE,FALSE,React,Can access premium content,Picsart,150M,-,"https://en.wikipedia.org/wiki/Picsart#:~:text=Monthly%20active%20users%3A%20~150%20million,worldwide%20(Forbes%2C%202021).",https://picsart.com/design-tools/,https://picsart.com/create/editor?category=photos&projectId=6899a8bad57b7e22ecee6943,React Dev Tool
unrelated,FALSE,graphic design,,,,,university course. No premium content,BA (Hons) Graphic Design | Online Graphic Design Courses,,,,https://www.oca.ac.uk/courses/ba-graphic-design/,,
no freemium,FALSE,graphic design,,,,,no premium content shown to regular user,Best Graphic Design Courses & Certificates Online [2025],,,,https://www.coursera.org/courses?query=graphic%20design,,
no freemium,FALSE,graphic design,,,,,Platform to hire designer and devs. No premium content.,Graphic Design Services - Find a Graphic Designer Today,,,,https://www.fiverr.com/categories/graphics-design,,
unrelated,FALSE,graphic design,,,,,"blog, no premium content",16 Best Graphic Design Online and Offline Courses,,,,https://horme-avocats.fr/16-best-graphic-design-online-and-offline-courses/,,
no freemium,FALSE,graphic design,,,,,no freemium content,Graphic Design | Free Online Course,,,,https://alison.com/course/graphic-design,,
unrelated,FALSE,graphic design,,,,,University webpage. No freemium content,Graphic Design Courses,,,,https://www.open.edu.au/study-online/art-design/graphic-design,,
unrelated,FALSE,graphic design,,,,,University webpage. No freemium content,Graphic Design for Beginners Online Short Course,,,,https://www.arts.ac.uk/subjects/communication-and-graphic-design/short-courses/graphic-design/graphic-design-for-beginners-online-short-course-csm,,
unrelated,FALSE,graphic design,,,,,University webpage. No freemium content,The Graphic Design School | Online Graphic Design Courses,,,,https://www.thegraphicdesignschool.com/,,
unrelated,FALSE,graphic design,,,,,University webpage. No freemium content,"Study Graphic Design Course, Program, Diploma Online",,,,https://www.vcad.ca/programs/online/graphic-design/,,
unrelated,FALSE,graphic design,,,,,University webpage. No freemium content,Digital Graphic Design | RMIT Online,,,,https://shortcourses.rmit.edu.au/products/fs-digital-graphic-design-dtr112,,
unrelated,FALSE,graphic design,,,,,University webpage. No freemium content,Graphic Design MA (Online),,,,https://www.falmouth.ac.uk/study/online/postgraduate/graphic-design,,
unrelated,FALSE,graphic design,,,,,"showcase site, no RBAC",Graphic Design Course Online,,,,https://www.shillingtoneducation.com/graphic-design-course,,
unrelated,FALSE,graphic design,,,,,University webpage. No freemium content,online Graphic Design program,,,,https://www.centennialcollege.ca/programs-courses/full-time/graphic-design-online/,,
unrelated,FALSE,graphic design,,,,,University webpage. No freemium content,Graphic Design Beginner Course | Adobe Illustrator Course,,,,https://www.redandyellow.co.za/course/graphic-design/,,
unrelated,FALSE,graphic design,,,,,University webpage. No freemium content,Graphic Design | Online Short Course,,,,https://uct.ac.za/continuing-education/partners/2u-edx/graphic-design,,
unrelated,FALSE,graphic design,,,,,University webpage. No freemium content,MA Graphic Design Online,,,,https://ualonline.arts.ac.uk/courses/ma-graphic-design,,
no freemium,FALSE,graphic design,,,,,no premium content shown to regular user,Free Graphic Design Courses & Certificates [2025],,,,https://www.coursera.org/courses?query=free&skills=Graphic%20Design,,
unrelated,FALSE,graphic design,,,,,"showcase site, no RBAC",Graphic Design Certification,,,,https://certifiedprofessional.adobe.com/en/resources/graphic-design-certification,,
no freemium,FALSE,graphic design,,,,,no freemium content,Visual and Graphic Design | Free Online Course,,,,https://alison.com/course/graphic-design-visual-and-graphic-design-revised,,
no freemium,FALSE,graphic design,,,,,"Elearning courses, hard paywall, no freemium content",Online Graphic Design Classes,,,,https://www.skillshare.com/en/browse/graphic-design?srsltid=AfmBOoqOwFTIYcRecauMw5d6WuvASs8FbDRdAFgvLVFzyLRr5P9-X1oe,,
unrelated,FALSE,graphic design,,,,,"showcase site, no RBAC",The 6 Best Graphic Design Courses Online for Beginners,,,,https://designlab.com/blog/best-graphic-design-courses-online-for-beginners,,
no freemium,FALSE,graphic design,,,,,no freemium content,Graphic Design :: All Categories,,,,https://www.behance.net/galleries/graphic-design,,
unrelated,FALSE,graphic design,,,,,University webpage. No freemium content,Graphic Design Online Courses,,,,https://www.rmit.edu.au/online/design/graphic-design,,
unrelated,FALSE,graphic design,,,,,"showcase site, no RBAC",Graphic Design Online Course | Training from the Market ...,,,,https://ofg-studium.de/online-course-graphic-design/,,
no freemium,FALSE,graphic design,,,,,"Elearning courses, hard paywall, no freemium content",Graphic Design Courses | Study Online With Academ Xi,,,,https://academyxi.com/online-courses/graphic-design/,,
no freemium,FALSE,graphic design,,,,,"Elearning courses, hard paywall, no freemium content",The Best Online Courses in Graphic Design | Updated 2025,,,,https://www.domestika.org/en/courses/area/34-graphic-design,,
duplicate,FALSE,graphic design,,,,,duplicate,Graphic Design Online Training Courses,,,,https://www.linkedin.com/learning/topics/graphic-design,,
unrelated,FALSE,graphic design,,,,,"showcase site, no RBAC",Graphic Design & Interactive Media Diploma - Program,,,,https://online.torontofilmschool.ca/programs/graphic-design-interactive-media/,,
unrelated,FALSE,graphic design,,,,,"showcase site, no RBAC",10 Best Online Graphic Design Services of 2025,,,,https://www.superside.com/blog/best-graphic-design-services,,
eligible,TRUE,graphic design,TRUE,FALSE,FALSE,React,Can access premium content,Fotojet,-,-,-,https://www.fotojet.com/features/graphic-design/,https://www.fotojet.com/apps/?entry=design,React Dev Tool
unrelated,FALSE,graphic design,,,,,"showcase site, no freemium content",Online Graphic Design Courses & Tutorials | Yes I'm a Designer,,,,https://yesimadesigner.com/,,
unrelated,FALSE,graphic design,,,,,University webpage. No freemium content,British Academy of Graphic Design,,,,https://www.graphicdesignacademy.uk/,,
duplicate,FALSE,graphic design,,,,,duplicate,Top Graphic Design Courses Online - Updated [July 2025],,,,https://www.udemy.com/topic/graphic-design/?srsltid=AfmBOop2MFXuiPuGNXqmGmUjxu1__RnhJlqQfbn4Y0GzhQV-1hZGMRLf,,
no freemium,FALSE,graphic design,,,,,no freemium content,Best Online Graphic Design Degrees 2024,,,,https://www.forbes.com/advisor/education/business-and-marketing/best-online-graphic-design-degree-programs/,,
no freemium,FALSE,graphic design,,,,,"Elearning courses, hard paywall, no freemium content",Graphic Design Course Online | Graphic Design Certification,,,,https://www.upskillist.com/courses/design/online-graphic-design-course/,,
unrelated,FALSE,graphic design,,,,,University webpage. No freemium content,International Bachelor in Graphic Design – MJM School,,,,https://www.mjm-design.com/en/page/international-bachelor-in-graphic-design,,
unrelated,FALSE,graphic design,,,,,University webpage. No freemium content,Online Graphic Design Program | Creative Career at CD-ED,,,,https://cd-ed.com/online-programs/graphic-design/,,
no freemium,FALSE,graphic design,,,,,"Hard paywall. Book digital services (graphics, data analysis, etc)",Freelance Graphic Design | Logo creation and ...,,,,https://comeup.com/en/category/graphic-design,,
no freemium,FALSE,graphic design,,,,,"Hard paywall, no freemium content","DesignCrowd: Freelance Logo Design, Web Design ...",,,,https://www.designcrowd.com/,,
no freemium,FALSE,graphic design,,,,,"Hard paywall, no freemium content",AI Powered Online Graphic Design Courses,,,,https://www.webdschool.com/online-course/graphic-design,,
eligible,TRUE,graphic design,TRUE,TRUE,TRUE,React,Can access premium content,Design Wizard,-,-,-,https://designwizard.com/,https://app.designwizard.com/dashboard/workspace/3acd04a0-76b8-11f0-a192-5f5eec7fe170,React Dev Tools
no freemium,FALSE,graphic design,,,,,"Hard paywall, no freemium content",10 Extremely Helpful Free Graphic Design Courses,,,,https://www.format.com/magazine/resources/design/free-online-graphic-design-courses,,
eligible,FALSE,graphic design,,,,React,,RenderForest,30M,-,https://www.renderforest.com/about,https://www.renderforest.com/graphic-maker,,
unrelated,FALSE,graphic design,,,,,University webpage. No freemium content,Online Graphic Design Course | Foundation Diploma | OCAD,,,,https://artcoursework.com/course/foundation-graphic-design/,,
no freemium,FALSE,graphic design,,,,,"Hard paywall, no freemium content",Online Graphic Design Classes for Kids and Teens,,,,https://outschool.com/online-classes/graphic-design?srsltid=AfmBOoq9mD9G8RymX4rYEpxn1qPRjBOAbk3SoYaFPE2P_XDN27fFH8AK,,
eligible,TRUE,graphic design,TRUE,FALSE,FALSE,React,Can access premium content,Desygner,37M,-,"https://desygner.com/newsroom/#:~:text=With%20a%20staggering%2037%20million,both%20professionals%20and%20amateurs%20alike.",https://desygner.com/graphic-design-tools/,https://desygner.com/editor/?id=hOfRd9Nnc9B&referrer=create%2Fdesigns,React Dev Tool
no freemium,FALSE,graphic design,,,,,"Hard paywall, no freemium content",Online Graphic Design Course 2025 (Certification Training),,,,https://www.wscubetech.com/graphic-designing-course,,
no freemium,FALSE,graphic design,,,,,"Hard paywall, no freemium content",Online Graphic Design Courses - Blue Sky - Online Graphic ...,,,,https://blueskygraphics.co.uk/,,
eligible,FALSE,graphic design,,,,React,,Erase,32M,-,https://www.remove.bg/it/about-us,https://www.erase.bg/blog/best-online-graphic-design-software-programs,,
no freemium,FALSE,graphic design,,,,,"Elearning courses, hard paywall, no freemium content",Professional Graphic Design Course Online (Live) in Ireland,,,,https://www.ucd.ie/professionalacademy/findyourcourse/professional-diploma-in-graphic-design/,,
unrelated,FALSE,graphic design,,,,,University webpage. No freemium content,Graphic Design (Online) | Diploma - LaSalle College Vancouver,,,,https://lasallecollegevancouver.lcieducation.com/en/programs-and-courses/diploma-graphic-design-online,,
unrelated,FALSE,graphic design,,,,,Bachelor degree's portal. No freemium content,55 Online Bachelor's degrees in Graphic Design,,,,https://www.bachelorsportal.com/search/bachelor/online/graphic-design,,
no freemium,FALSE,graphic design,,,,,Platform to hire designer and devs. No premium content.,Graphic Design Freelance Jobs: Work Remote & Earn Online,,,,https://www.upwork.com/freelance-jobs/graphic-design/,,
unrelated,FALSE,graphic design,,,,,University webpage. No freemium content,Graphic Design Art Online Course,,,,https://www.londonartcollege.co.uk/art-courses/graphic-design-art-diploma-course/,,
no freemium,FALSE,graphic design,,,,,"Elearning courses, hard paywall, no freemium content",Graphic Design Course,,,,https://academy.hubspot.com/courses/graphic-design,,
no freemium,FALSE,graphic design,,,,,"Elearning courses, hard paywall, no freemium content",Graphic Design Courses Online,,,,https://www.opencolleges.edu.au/pages/graphic-design,,
no freemium,FALSE,graphic design,,,,,"Elearning courses, hard paywall, no freemium content",Graphic Design Course Online with Government Certificate,,,,https://trainings.internshala.com/graphic-design-course/,,
eligible,TRUE,graphic design,TRUE,FALSE,FALSE,jQuery,Can bypass credits system and download content,Snappa,-,-,-,https://snappa.com/,https://snappa.com/app/graphic/fe2dec98-d8e8-4464-b1e3-065c7eb9b23c,HTTP response tampering
unrelated,FALSE,graphic design,,,,,University webpage. No freemium content,Bachelor of Arts in Graphic Design - Online Part Time,,,,https://www.eduvos.com/programmes/bachelor-of-arts-in-graphic-design-part-time/?id=8d755740-62a1-ec11-b400-0022489cce84,,
no freemium,FALSE,graphic design,,,,,Platform to hire designer and devs. No premium content. Related to VistaCreate,"Logos, Web, Graphic Design & More. | 99designs",,,,https://99designs.com/,,
unrelated,FALSE,graphic design,,,,,University webpage. No freemium content,Graphic Design Courses in France,,,,https://www.lisaa.com/en/art-courses/graphic-design,,
unrelated,FALSE,graphic design,,,,,"showcase site, no RBAC",Graphic Design Courses - Certificate & Advanced Certificate,,,,https://www.andacademy.com/en/courses/graphic-design-courses/,,
no freemium,FALSE,graphic design,,,,,"blog, no premium content",6 Best Graphic Design Courses for Beginners for 2025,,,,https://www.classcentral.com/report/best-graphic-design-courses/,,
unrelated,FALSE,graphic design,,,,,"US occupational information. No freemium resources, no RBAC",27-1024.00 - Graphic Designers,,,,https://www.onetonline.org/link/summary/27-1024.00,,
unrelated,FALSE,graphic design,,,,,"Scolarships and universities portal. No freemium resources, no RBAC",17 Institutions offering Online/Distance Graphic Design ...,,,,https://www.hotcoursesabroad.com/study/training-degrees/international/distance-online/graphic-design-courses/smode/3/cgory/f11-3/sin/ct/programs.html,,
no freemium,FALSE,graphic design,,,,,"Blog, no premium content",Best Online Graphic Design Degree Programs for 2025,,,,https://research.com/degrees/best-online-graphic-design-degree-programs,,
no freemium,FALSE,graphic design,,,,,Job offers portal. No freemium content,Online Graphic Design Courses (With Definition and List),,,,https://ca.indeed.com/career-advice/career-development/online-graphic-design-courses,,
unrelated,FALSE,graphic design,,,,,"Scolarships and universities portal. No freemium resources, no RBAC",60 online Graphic Design degrees (2025) - Study Abroad,,,,https://www.educations.com/graphic-design/distance-learning,,
duplicate,FALSE,graphic design,,,,,duplicate,"Learn graphic design online: courses, degrees and ...",,,,https://www.edx.org/learn/graphic-design,,
no freemium,FALSE,graphic design,,,,,"Elearning courses, hard paywall, no freemium content",Free Graphic Design Course with Certificate Online [2025],,,,https://www.mygreatlearning.com/academy/learn-for-free/courses/intro-to-graphic-design-with-photoshop,,
unrelated,FALSE,graphic design,,,,,University webpage. No freemium content,Graphic Design Courses,,,,https://www.agitraining.com/graphic-design-classes?srsltid=AfmBOooYnuaRXhc9wqkhlJ23Xl85eHcSQ1i7J-ld-sL5YnSUYG9zjvr2,,
unrelated,FALSE,graphic design,,,,,"Blog, no premium content",Top Online Graphic Design Courses 2025: Our Best Findings,,,,https://www.bitdegree.org/tutorials/online-graphic-design-courses,,
no freemium,FALSE,graphic design,,,,,"Elearning courses, hard paywall, no freemium content",Graphic Design Courses & Certifications Online,,,,https://www.shiksha.com/online-courses/graphic-design-courses-certification-training-st305-tg297,,
no freemium,FALSE,graphic design,,,,,Online and in-person training for businesses. No freemium content,Graphic Design Courses & Certifications,,,,https://www.pitman-training.com/our-courses/web-design-development/graphic-design-courses/,,
unrelated,FALSE,graphic design,,,,,University webpage. No freemium content,Digital Graphic Design | Design Courses,,,,https://www.istitutomarangoni.com/en/design-courses/visual-design/digital-graphic-design,,
unrelated,FALSE,graphic design,,,,,Online newspaper and blog. No freemium content,Online Graphic Design Bachelor's Degree,,,,https://www.usnews.com/education/online-education/graphic-design-bachelors-degree,,
unrelated,FALSE,graphic design,,,,,Courses from Colleges and Universities across New Zealand. No freemium content,Online Graphic Design Courses,,,,https://www.training.co.nz/courses/graphic-design/,,
unrelated,FALSE,graphic design,,,,,University webpage. No freemium content,Graphic Design Diploma Program | Live Online Course ...,,,,https://infocusfilmschool.com/graphic-design-program/,,
unrelated,FALSE,graphic design,,,,,Online degrees. No freemium content,Best Online Graphic Design Courses,,,,https://www.accreditedschoolsonline.org/online-courses/graphic-design-classes/,,
no freemium,FALSE,graphic design,,,,,Free online courses with ads,Graphic design | Free Online Courses + Free Certificate,,,,https://cursa.app/free-courses-digital-illustrations-online,,
no freemium,FALSE,graphic design,,,,,University webpage. No freemium content,BA (Honours) Graphic Design,,,,https://www.open.ac.uk/courses/arts/degrees/ba-graphic-design-a21,,
no freemium,FALSE,graphic design,,,,,Free online courses with ads,Best Graphic Designing online Courses for free in Pakistan,,,,https://digiskills.pk/CourseDetails.aspx?Id=GRD101,,
no freemium,FALSE,graphic design,,,,,Platform to hire graphic designers. No freemium content,Graphic Design - Custom Graphic Design Service,,,,https://www.designcrowd.com/graphic-design,,
no freemium,FALSE,graphic design,,,,,Collect and organize docs and procedures. No freemium content,The best graphic design websites to inspire you to create ...,,,,https://contentsnare.com/best-graphic-design-websites/,,
unrelated,FALSE,graphic design,,,,,University course. No premium content,Graphic Design Diploma Online Course,,,,https://www.swinburneopen.edu.au/online-courses/visual-and-graphic-design/diploma-of-graphic-design,,
no freemium,FALSE,graphic design,,,,,"Elearning courses, hard paywall for premium resources",Online Graphic Design Courses,,,,https://www.reed.co.uk/courses/graphic-design/online,,
no freemium,FALSE,graphic design,,,,,Courses from colleges and unviersities. No freemium content or features,2025 Best Online Graphic Design Degrees,,,,https://www.onlineu.com/degrees/graphic-design,,
eligible,TRUE,graphic design,TRUE,FALSE,FALSE,React,"Can use and download premium resources (e.g., modules)",DesignCap,-,-,-,https://www.designcap.com/,https://www.designcap.com/app/,React Dev Tool
unrelated,FALSE,graphic design,,,,,Showcase website. No freemium content,How to get started on graphic design | Adobe Express,,,,https://www.adobe.com/express/graphic-design,,
eligible,TRUE,graphic design,TRUE,FALSE,FALSE,React,Can download premium resources (eg. font),FlexClip,7M,-,"https://decisivemarketer.com/2023/03/15/flexclip-review/#:~:text=FlexClip%20is%20an%20online%20video,and%201%2B%20million%20video%20downloads.",https://www.flexclip.com/editor/app?id=tlfbb6NLRw9l0QP142PMB26h9GjkXq9k,https://www.flexclip.com,React Dev Tool
unrelated,FALSE,graphic design,,,,,Courses from colleges and unviersities. No freemium content or features,Top 6 Free Online Graphic Design Courses,,,,https://learn.org/articles/free_online_graphic_design_courses.html,,